Day,Hour,Minutes,CurrentStep,Susceptible,Exposed,Infectious,Recovered
0,0,5,300,4497,0,499,0
0,0,10,600,4497,0,499,0
0,0,15,900,4497,0,499,0
0,0,20,1200,4495,2,499,0
0,0,25,1500,4495,2,499,0
0,0,30,1800,4495,2,499,0
0,0,35,2100,4492,5,499,0
0,0,40,2400,4492,5,499,0
0,0,45,2700,4491,6,499,0
0,0,50,3000,4490,7,499,0
0,0,55,3300,4489,8,499,0
0,1,0,3600,4489,8,499,0
0,1,5,3900,4489,8,499,0
0,1,10,4200,4489,8,499,0
0,1,15,4500,4488,9,499,0
0,1,20,4800,4488,9,499,0
0,1,25,5100,4488,9,499,0
0,1,30,5400,4488,9,499,0
0,1,35,5700,4487,10,499,0
0,1,40,6000,4486,11,499,0
0,1,45,6300,4485,12,499,0
0,1,50,6600,4485,12,499,0
0,1,55,6900,4485,12,499,0
0,2,0,7200,4485,12,499,0
0,2,5,7500,4485,12,499,0
0,2,10,7800,4483,14,499,0
0,2,15,8100,4483,14,499,0
0,2,20,8400,4483,14,499,0
0,2,25,8700,4482,15,499,0
0,2,30,9000,4481,16,499,0
0,2,35,9300,4481,16,499,0
0,2,40,9600,4479,18,499,0
0,2,45,9900,4477,20,499,0
0,2,50,10200,4476,21,499,0
0,2,55,10500,4476,21,499,0
0,3,0,10800,4476,21,499,0
0,3,5,11100,4473,24,499,0
0,3,10,11400,4473,24,499,0
0,3,15,11700,4470,27,499,0
0,3,20,12000,4466,31,499,0
0,3,25,12300,4464,33,499,0
0,3,30,12600,4463,34,499,0
0,3,35,12900,4458,39,499,0
0,3,40,13200,4454,43,499,0
0,3,45,13500,4454,43,499,0
0,3,50,13800,4451,46,499,0
0,3,55,14100,4450,47,499,0
0,4,0,14400,4447,50,499,0
0,4,5,14700,4446,51,499,0
0,4,10,15000,4444,53,499,0
0,4,15,15300,4442,55,499,0
0,4,20,15600,4439,58,499,0
0,4,25,15900,4435,62,499,0
0,4,30,16200,4431,66,499,0
0,4,35,16500,4429,68,499,0
0,4,40,16800,4428,69,499,0
0,4,45,17100,4425,72,499,0
0,4,50,17400,4422,75,499,0
0,4,55,17700,4417,80,499,0
0,5,0,18000,4414,83,499,0
0,5,5,18300,4412,85,499,0
0,5,10,18600,4404,93,499,0
0,5,15,18900,4402,95,499,0
0,5,20,19200,4397,100,499,0
0,5,25,19500,4392,105,499,0
0,5,30,19800,4390,107,499,0
0,5,35,20100,4385,112,499,0
0,5,40,20400,4382,115,499,0
0,5,45,20700,4378,119,499,0
0,5,50,21000,4375,122,499,0
0,5,55,21300,4370,127,499,0
0,6,0,21600,4363,134,499,0
0,6,5,21900,4359,138,499,0
0,6,10,22200,4351,146,499,0
0,6,15,22500,4344,153,499,0
0,6,20,22800,4341,156,499,0
0,6,25,23100,4334,163,499,0
0,6,30,23400,4327,170,499,0
0,6,35,23700,4321,176,499,0
0,6,40,24000,4315,182,499,0
0,6,45,24300,4306,191,499,0
0,6,50,24600,4300,197,499,0
0,6,55,24900,4295,202,499,0
0,7,0,25200,4291,206,499,0
0,7,5,25500,4284,213,499,0
0,7,10,25800,4281,216,499,0
0,7,15,26100,4274,223,499,0
0,7,20,26400,4268,229,499,0
0,7,25,26700,4259,238,499,0
0,7,30,27000,4253,244,499,0
0,7,35,27300,4242,255,499,0
0,7,40,27600,4230,267,499,0
0,7,45,27900,4224,273,499,0
0,7,50,28200,4217,280,499,0
0,7,55,28500,4209,288,499,0
0,8,0,28800,4201,296,499,0
0,8,5,29100,4194,303,499,0
0,8,10,29400,4186,311,499,0
0,8,15,29700,4182,315,499,0
0,8,20,30000,4180,317,499,0
0,8,25,30300,4173,324,499,0
0,8,30,30600,4169,328,499,0
0,8,35,30900,4164,333,499,0
0,8,40,31200,4157,340,499,0
0,8,45,31500,4154,343,499,0
0,8,50,31800,4147,350,499,0
0,8,55,32100,4145,352,499,0
0,9,0,32400,4140,357,499,0
0,9,5,32700,4137,360,499,0
0,9,10,33000,4134,363,499,0
0,9,15,33300,4132,365,499,0
0,9,20,33600,4128,369,499,0
0,9,25,33900,4125,372,499,0
0,9,30,34200,4122,375,499,0
0,9,35,34500,4117,380,499,0
0,9,40,34800,4113,384,499,0
0,9,45,35100,4111,386,499,0
0,9,50,35400,4103,394,499,0
0,9,55,35700,4100,397,499,0
0,10,0,36000,4089,408,499,0
0,10,5,36300,4086,411,499,0
0,10,10,36600,4078,419,499,0
0,10,15,36900,4073,424,499,0
0,10,20,37200,4068,429,499,0
0,10,25,37500,4064,433,499,0
0,10,30,37800,4060,437,499,0
0,10,35,38100,4055,442,499,0
0,10,40,38400,4053,444,499,0
0,10,45,38700,4051,446,499,0
0,10,50,39000,4046,451,499,0
0,10,55,39300,4044,453,499,0
0,11,0,39600,4037,460,499,0
0,11,5,39900,4033,464,499,0
0,11,10,40200,4030,467,499,0
0,11,15,40500,4028,469,499,0
0,11,20,40800,4025,472,499,0
0,11,25,41100,4018,479,499,0
0,11,30,41400,4016,481,499,0
0,11,35,41700,4012,485,499,0
0,11,40,42000,4010,487,499,0
0,11,45,42300,4007,490,499,0
0,11,50,42600,4003,494,499,0
0,11,55,42900,3997,500,499,0
0,12,0,43200,3993,504,499,0
0,12,5,43500,3991,506,499,0
0,12,10,43800,3986,511,499,0
0,12,15,44100,3984,513,499,0
0,12,20,44400,3982,515,499,0
0,12,25,44700,3979,518,499,0
0,12,30,45000,3973,524,499,0
0,12,35,45300,3969,528,499,0
0,12,40,45600,3966,531,499,0
0,12,45,45900,3963,534,499,0
0,12,50,46200,3958,539,499,0
0,12,55,46500,3955,542,499,0
0,13,0,46800,3952,545,499,0
0,13,5,47100,3949,548,499,0
0,13,10,47400,3944,553,499,0
0,13,15,47700,3939,558,499,0
0,13,20,48000,3933,564,499,0
0,13,25,48300,3928,569,499,0
0,13,30,48600,3926,571,499,0
0,13,35,48900,3920,577,499,0
0,13,40,49200,3919,578,499,0
0,13,45,49500,3916,581,499,0
0,13,50,49800,3912,585,499,0
0,13,55,50100,3907,590,499,0
0,14,0,50400,3903,594,499,0
0,14,5,50700,3895,602,499,0
0,14,10,51000,3892,605,499,0
0,14,15,51300,3887,610,499,0
0,14,20,51600,3882,615,499,0
0,14,25,51900,3880,617,499,0
0,14,30,52200,3876,621,499,0
0,14,35,52500,3871,626,499,0
0,14,40,52800,3869,628,499,0
0,14,45,53100,3862,635,499,0
0,14,50,53400,3857,640,499,0
0,14,55,53700,3855,642,499,0
0,15,0,54000,3851,646,499,0
0,15,5,54300,3845,652,499,0
0,15,10,54600,3841,656,499,0
0,15,15,54900,3838,659,499,0
0,15,20,55200,3828,669,499,0
0,15,25,55500,3826,671,499,0
0,15,30,55800,3822,675,499,0
0,15,35,56100,3817,680,499,0
0,15,40,56400,3814,683,499,0
0,15,45,56700,3811,686,499,0
0,15,50,57000,3805,692,499,0
0,15,55,57300,3799,698,499,0
0,16,0,57600,3793,704,499,0
0,16,5,57900,3788,709,499,0
0,16,10,58200,3785,712,499,0
0,16,15,58500,3776,721,499,0
0,16,20,58800,3775,722,499,0
0,16,25,59100,3766,731,499,0
0,16,30,59400,3761,736,499,0
0,16,35,59700,3756,741,499,0
0,16,40,60000,3749,748,499,0
0,16,45,60300,3746,751,499,0
0,16,50,60600,3743,754,499,0
0,16,55,60900,3737,760,499,0
0,17,0,61200,3731,766,499,0
0,17,5,61500,3726,771,499,0
0,17,10,61800,3722,775,499,0
0,17,15,62100,3717,780,499,0
0,17,20,62400,3713,784,499,0
0,17,25,62700,3709,788,499,0
0,17,30,63000,3706,791,499,0
0,17,35,63300,3704,793,499,0
0,17,40,63600,3703,794,499,0
0,17,45,63900,3701,796,499,0
0,17,50,64200,3696,801,499,0
0,17,55,64500,3694,803,499,0
0,18,0,64800,3691,806,499,0
0,18,5,65100,3689,808,499,0
0,18,10,65400,3683,814,499,0
0,18,15,65700,3679,818,499,0
0,18,20,66000,3673,824,499,0
0,18,25,66300,3671,826,499,0
0,18,30,66600,3661,836,499,0
0,18,35,66900,3654,843,499,0
0,18,40,67200,3650,847,499,0
0,18,45,67500,3649,848,499,0
0,18,50,67800,3644,853,499,0
0,18,55,68100,3642,855,499,0
0,19,0,68400,3637,860,499,0
0,19,5,68700,3633,864,499,0
0,19,10,69000,3631,866,499,0
0,19,15,69300,3623,874,499,0
0,19,20,69600,3620,877,499,0
0,19,25,69900,3614,883,499,0
0,19,30,70200,3610,887,499,0
0,19,35,70500,3605,892,499,0
0,19,40,70800,3600,897,499,0
0,19,45,71100,3594,903,499,0
0,19,50,71400,3590,907,499,0
0,19,55,71700,3585,912,499,0
0,20,0,72000,3573,924,499,0
0,20,5,72300,3570,927,499,0
0,20,10,72600,3564,933,499,0
0,20,15,72900,3554,943,499,0
0,20,20,73200,3546,951,499,0
0,20,25,73500,3541,956,499,0
0,20,30,73800,3537,960,499,0
0,20,35,74100,3530,967,499,0
0,20,40,74400,3524,973,499,0
0,20,45,74700,3520,977,499,0
0,20,50,75000,3515,982,499,0
0,20,55,75300,3506,991,499,0
0,21,0,75600,3498,999,499,0
0,21,5,75900,3489,1008,499,0
0,21,10,76200,3479,1018,499,0
0,21,15,76500,3475,1022,499,0
0,21,20,76800,3469,1028,499,0
0,21,25,77100,3463,1034,499,0
0,21,30,77400,3460,1037,499,0
0,21,35,77700,3452,1045,499,0
0,21,40,78000,3444,1053,499,0
0,21,45,78300,3433,1064,499,0
0,21,50,78600,3426,1071,499,0
0,21,55,78900,3417,1080,499,0
0,22,0,79200,3411,1086,499,0
0,22,5,79500,3406,1091,499,0
0,22,10,79800,3398,1099,499,0
0,22,15,80100,3389,1108,499,0
0,22,20,80400,3383,1114,499,0
0,22,25,80700,3378,1119,499,0
0,22,30,81000,3365,1132,499,0
0,22,35,81300,3358,1139,499,0
0,22,40,81600,3352,1145,499,0
0,22,45,81900,3346,1151,499,0
0,22,50,82200,3336,1161,499,0
0,22,55,82500,3329,1168,499,0
0,23,0,82800,3320,1177,499,0
0,23,5,83100,3306,1191,499,0
0,23,10,83400,3299,1198,499,0
0,23,15,83700,3289,1208,499,0
0,23,20,84000,3281,1216,499,0
0,23,25,84300,3271,1226,499,0
0,23,30,84600,3266,1231,499,0
0,23,35,84900,3256,1241,499,0
0,23,40,85200,3244,1253,499,0
0,23,45,85500,3234,1263,499,0
0,23,50,85800,3229,1268,499,0
0,23,55,86100,3221,1276,499,0
0,0,0,86400,3214,1283,499,0
0,0,5,86700,3208,1289,499,0
0,0,10,87000,3200,1297,499,0
0,0,15,87300,3195,1302,499,0
0,0,20,87600,3186,1311,499,0
0,0,25,87900,3182,1315,499,0
0,0,30,88200,3164,1333,499,0
0,0,35,88500,3154,1343,499,0
0,0,40,88800,3146,1351,499,0
0,0,45,89100,3141,1356,499,0
0,0,50,89400,3134,1363,499,0
0,0,55,89700,3127,1370,499,0
0,1,0,90000,3115,1382,499,0
0,1,5,90300,3107,1390,499,0
0,1,10,90600,3100,1397,499,0
0,1,15,90900,3089,1408,499,0
0,1,20,91200,3080,1417,499,0
0,1,25,91500,3065,1432,499,0
0,1,30,91800,3057,1440,499,0
0,1,35,92100,3051,1446,499,0
0,1,40,92400,3044,1453,499,0
0,1,45,92700,3036,1461,499,0
0,1,50,93000,3023,1474,499,0
0,1,55,93300,3014,1483,499,0
0,2,0,93600,3008,1489,499,0
0,2,5,93900,3000,1497,499,0
0,2,10,94200,2990,1507,499,0
0,2,15,94500,2979,1518,499,0
0,2,20,94800,2969,1528,499,0
0,2,25,95100,2959,1538,499,0
0,2,30,95400,2949,1547,500,0
0,2,35,95700,2947,1549,500,0
0,2,40,96000,2937,1559,500,0
0,2,45,96300,2931,1564,501,0
0,2,50,96600,2924,1571,501,0
0,2,55,96900,2916,1579,501,0
0,3,0,97200,2905,1590,501,0
0,3,5,97500,2899,1596,501,0
0,3,10,97800,2888,1607,501,0
0,3,15,98100,2877,1618,501,0
0,3,20,98400,2870,1625,501,0
0,3,25,98700,2861,1634,501,0
0,3,30,99000,2848,1647,501,0
0,3,35,99300,2837,1658,501,0
0,3,40,99600,2830,1665,501,0
0,3,45,99900,2823,1672,501,0
0,3,50,100200,2815,1680,501,0
0,3,55,100500,2809,1686,501,0
0,4,0,100800,2796,1699,501,0
0,4,5,101100,2785,1710,501,0
0,4,10,101400,2775,1720,501,0
0,4,15,101700,2765,1730,501,0
0,4,20,102000,2757,1737,502,0
0,4,25,102300,2740,1753,503,0
0,4,30,102600,2731,1762,503,0
0,4,35,102900,2715,1778,503,0
0,4,40,103200,2700,1793,503,0
0,4,45,103500,2695,1797,504,0
0,4,50,103800,2681,1811,504,0
0,4,55,104100,2671,1821,504,0
0,5,0,104400,2661,1831,504,0
0,5,5,104700,2653,1839,504,0
0,5,10,105000,2639,1853,504,0
0,5,15,105300,2629,1863,504,0
0,5,20,105600,2618,1874,504,0
0,5,25,105900,2611,1881,504,0
0,5,30,106200,2603,1889,504,0
0,5,35,106500,2585,1906,505,0
0,5,40,106800,2577,1913,506,0
0,5,45,107100,2573,1917,506,0
0,5,50,107400,2561,1929,506,0
0,5,55,107700,2552,1938,506,0
0,6,0,108000,2538,1952,506,0
0,6,5,108300,2528,1962,506,0
0,6,10,108600,2513,1976,507,0
0,6,15,108900,2508,1980,508,0
0,6,20,109200,2501,1987,508,0
0,6,25,109500,2494,1994,508,0
0,6,30,109800,2487,2001,508,0
0,6,35,110100,2472,2014,510,0
0,6,40,110400,2465,2021,510,0
0,6,45,110700,2456,2030,510,0
0,6,50,111000,2453,2033,510,0
0,6,55,111300,2446,2040,510,0
0,7,0,111600,2436,2048,512,0
0,7,5,111900,2425,2059,512,0
0,7,10,112200,2411,2073,512,0
0,7,15,112500,2401,2082,513,0
0,7,20,112800,2392,2090,514,0
0,7,25,113100,2377,2105,514,0
0,7,30,113400,2366,2115,515,0
0,7,35,113700,2351,2130,515,0
0,7,40,114000,2340,2140,516,0
0,7,45,114300,2330,2148,518,0
0,7,50,114600,2316,2161,519,0
0,7,55,114900,2309,2168,519,0
0,8,0,115200,2294,2183,519,0
0,8,5,115500,2288,2188,520,0
0,8,10,115800,2282,2193,521,0
0,8,15,116100,2278,2197,521,0
0,8,20,116400,2269,2205,522,0
0,8,25,116700,2261,2212,523,0
0,8,30,117000,2254,2219,523,0
0,8,35,117300,2245,2227,524,0
0,8,40,117600,2239,2231,526,0
0,8,45,117900,2230,2238,528,0
0,8,50,118200,2220,2246,530,0
0,8,55,118500,2213,2252,531,0
0,9,0,118800,2205,2259,532,0
0,9,5,119100,2204,2260,532,0
0,9,10,119400,2201,2263,532,0
0,9,15,119700,2196,2268,532,0
0,9,20,120000,2193,2271,532,0
0,9,25,120300,2189,2273,534,0
0,9,30,120600,2183,2278,535,0
0,9,35,120900,2180,2281,535,0
0,9,40,121200,2178,2282,536,0
0,9,45,121500,2172,2288,536,0
0,9,50,121800,2170,2290,536,0
0,9,55,122100,2166,2294,536,0
0,10,0,122400,2161,2299,536,0
0,10,5,122700,2154,2306,536,0
0,10,10,123000,2150,2310,536,0
0,10,15,123300,2149,2306,541,0
0,10,20,123600,2149,2306,541,0
0,10,25,123900,2146,2309,541,0
0,10,30,124200,2144,2311,541,0
0,10,35,124500,2140,2314,542,0
0,10,40,124800,2140,2312,544,0
0,10,45,125100,2136,2316,544,0
0,10,50,125400,2132,2318,546,0
0,10,55,125700,2128,2321,547,0
0,11,0,126000,2125,2322,549,0
0,11,5,126300,2123,2324,549,0
0,11,10,126600,2118,2326,552,0
0,11,15,126900,2116,2328,552,0
0,11,20,127200,2112,2330,554,0
0,11,25,127500,2110,2331,555,0
0,11,30,127800,2107,2333,556,0
0,11,35,128100,2106,2333,557,0
0,11,40,128400,2105,2334,557,0
0,11,45,128700,2100,2339,557,0
0,11,50,129000,2095,2342,559,0
0,11,55,129300,2094,2342,560,0
0,12,0,129600,2090,2346,560,0
0,12,5,129900,2088,2348,560,0
0,12,10,130200,2085,2351,560,0
0,12,15,130500,2085,2351,560,0
0,12,20,130800,2081,2355,560,0
0,12,25,131100,2077,2359,560,0
0,12,30,131400,2072,2364,560,0
0,12,35,131700,2068,2366,562,0
0,12,40,132000,2065,2368,563,0
0,12,45,132300,2065,2366,565,0
0,12,50,132600,2061,2370,565,0
0,12,55,132900,2061,2370,565,0
0,13,0,133200,2058,2373,565,0
0,13,5,133500,2055,2376,565,0
0,13,10,133800,2053,2377,566,0
0,13,15,134100,2047,2383,566,0
0,13,20,134400,2046,2384,566,0
0,13,25,134700,2044,2385,567,0
0,13,30,135000,2043,2384,569,0
0,13,35,135300,2041,2386,569,0
0,13,40,135600,2039,2388,569,0
0,13,45,135900,2036,2390,570,0
0,13,50,136200,2033,2390,573,0
0,13,55,136500,2031,2391,574,0
0,14,0,136800,2022,2398,576,0
0,14,5,137100,2019,2400,577,0
0,14,10,137400,2017,2400,579,0
0,14,15,137700,2015,2401,580,0
0,14,20,138000,2009,2406,581,0
0,14,25,138300,2008,2407,581,0
0,14,30,138600,2005,2406,585,0
0,14,35,138900,2004,2407,585,0
0,14,40,139200,1995,2416,585,0
0,14,45,139500,1992,2418,586,0
0,14,50,139800,1988,2421,587,0
0,14,55,140100,1987,2421,588,0
0,15,0,140400,1983,2425,588,0
0,15,5,140700,1979,2429,588,0
0,15,10,141000,1977,2428,591,0
0,15,15,141300,1973,2431,592,0
0,15,20,141600,1971,2433,592,0
0,15,25,141900,1969,2433,594,0
0,15,30,142200,1966,2433,597,0
0,15,35,142500,1961,2435,600,0
0,15,40,142800,1959,2435,602,0
0,15,45,143100,1958,2434,604,0
0,15,50,143400,1958,2434,604,0
0,15,55,143700,1955,2435,606,0
0,16,0,144000,1946,2444,606,0
0,16,5,144300,1944,2445,607,0
0,16,10,144600,1943,2446,607,0
0,16,15,144900,1940,2449,607,0
0,16,20,145200,1936,2451,609,0
0,16,25,145500,1932,2454,610,0
0,16,30,145800,1928,2456,612,0
0,16,35,146100,1922,2459,615,0
0,16,40,146400,1920,2460,616,0
0,16,45,146700,1917,2461,618,0
0,16,50,147000,1914,2463,619,0
0,16,55,147300,1909,2467,620,0
0,17,0,147600,1909,2465,622,0
0,17,5,147900,1907,2465,624,0
0,17,10,148200,1904,2468,624,0
0,17,15,148500,1897,2473,626,0
0,17,20,148800,1895,2475,626,0
0,17,25,149100,1892,2477,627,0
0,17,30,149400,1892,2476,628,0
0,17,35,149700,1890,2475,631,0
0,17,40,150000,1888,2477,631,0
0,17,45,150300,1883,2480,633,0
0,17,50,150600,1882,2481,633,0
0,17,55,150900,1880,2482,634,0
0,18,0,151200,1878,2484,634,0
0,18,5,151500,1877,2482,637,0
0,18,10,151800,1872,2486,638,0
0,18,15,152100,1870,2487,639,0
0,18,20,152400,1866,2489,641,0
0,18,25,152700,1863,2491,642,0
0,18,30,153000,1862,2492,642,0
0,18,35,153300,1859,2490,647,0
0,18,40,153600,1854,2495,647,0
0,18,45,153900,1851,2498,647,0
0,18,50,154200,1847,2501,648,0
0,18,55,154500,1845,2502,649,0
0,19,0,154800,1842,2504,650,0
0,19,5,155100,1838,2506,652,0
0,19,10,155400,1836,2504,656,0
0,19,15,155700,1835,2503,658,0
0,19,20,156000,1826,2509,661,0
0,19,25,156300,1824,2509,663,0
0,19,30,156600,1820,2509,667,0
0,19,35,156900,1818,2509,669,0
0,19,40,157200,1814,2512,670,0
0,19,45,157500,1812,2511,673,0
0,19,50,157800,1809,2514,673,0
0,19,55,158100,1809,2511,676,0
0,20,0,158400,1806,2513,677,0
0,20,5,158700,1804,2514,678,0
0,20,10,159000,1801,2516,679,0
0,20,15,159300,1799,2518,679,0
0,20,20,159600,1795,2522,679,0
0,20,25,159900,1792,2525,679,0
0,20,30,160200,1788,2528,680,0
0,20,35,160500,1786,2529,681,0
0,20,40,160800,1781,2532,683,0
0,20,45,161100,1778,2533,685,0
0,20,50,161400,1776,2534,686,0
0,20,55,161700,1772,2537,687,0
0,21,0,162000,1771,2538,687,0
0,21,5,162300,1770,2537,689,0
0,21,10,162600,1766,2541,689,0
0,21,15,162900,1764,2538,694,0
0,21,20,163200,1762,2539,695,0
0,21,25,163500,1759,2539,698,0
0,21,30,163800,1757,2541,698,0
0,21,35,164100,1752,2542,702,0
0,21,40,164400,1747,2547,702,0
0,21,45,164700,1741,2550,705,0
0,21,50,165000,1739,2548,709,0
0,21,55,165300,1734,2550,712,0
0,22,0,165600,1730,2554,712,0
0,22,5,165900,1724,2559,713,0
0,22,10,166200,1719,2563,714,0
0,22,15,166500,1716,2565,715,0
0,22,20,166800,1710,2569,717,0
0,22,25,167100,1707,2569,720,0
0,22,30,167400,1700,2576,720,0
0,22,35,167700,1690,2586,720,0
0,22,40,168000,1685,2589,722,0
0,22,45,168300,1683,2585,728,0
0,22,50,168600,1676,2587,733,0
0,22,55,168900,1671,2591,734,0
0,23,0,169200,1668,2592,736,0
0,23,5,169500,1664,2595,737,0
0,23,10,169800,1658,2601,737,0
0,23,15,170100,1653,2605,738,0
0,23,20,170400,1651,2607,738,0
0,23,25,170700,1640,2615,741,0
0,23,30,171000,1638,2616,742,0
0,23,35,171300,1629,2622,745,0
0,23,40,171600,1624,2626,746,0
0,23,45,171900,1617,2633,746,0
0,23,50,172200,1614,2635,747,0
0,23,55,172500,1610,2635,751,0
0,0,0,172800,1604,2636,756,0
0,0,5,173100,1600,2639,757,0
0,0,10,173400,1589,2646,761,0
0,0,15,173700,1585,2648,763,0
0,0,20,174000,1577,2656,763,0
0,0,25,174300,1572,2657,767,0
0,0,30,174600,1562,2664,770,0
0,0,35,174900,1557,2668,771,0
0,0,40,175200,1552,2673,771,0
0,0,45,175500,1551,2672,773,0
0,0,50,175800,1546,2672,778,0
0,0,55,176100,1541,2674,781,0
0,1,0,176400,1531,2682,783,0
0,1,5,176700,1524,2688,784,0
0,1,10,177000,1517,2691,788,0
0,1,15,177300,1512,2693,791,0
0,1,20,177600,1506,2697,793,0
0,1,25,177900,1495,2704,797,0
0,1,30,178200,1492,2704,800,0
0,1,35,178500,1485,2710,801,0
0,1,40,178800,1481,2712,803,0
0,1,45,179100,1476,2715,805,0
0,1,50,179400,1470,2718,808,0
0,1,55,179700,1467,2719,810,0
0,2,0,180000,1462,2721,813,0
0,2,5,180300,1453,2726,817,0
0,2,10,180600,1440,2738,818,0
0,2,15,180900,1431,2744,821,0
0,2,20,181200,1427,2745,824,0
0,2,25,181500,1424,2746,826,0
0,2,30,181800,1419,2747,830,0
0,2,35,182100,1416,2747,833,0
0,2,40,182400,1412,2749,835,0
0,2,45,182700,1410,2751,835,0
0,2,50,183000,1406,2754,836,0
0,2,55,183300,1397,2761,838,0
0,3,0,183600,1396,2760,840,0
0,3,5,183900,1391,2763,842,0
0,3,10,184200,1388,2762,846,0
0,3,15,184500,1383,2763,850,0
0,3,20,184800,1381,2762,853,0
0,3,25,185100,1369,2771,856,0
0,3,30,185400,1364,2770,862,0
0,3,35,185700,1355,2774,867,0
0,3,40,186000,1347,2779,870,0
0,3,45,186300,1341,2782,873,0
0,3,50,186600,1335,2782,879,0
0,3,55,186900,1328,2787,881,0
0,4,0,187200,1320,2789,887,0
0,4,5,187500,1312,2793,891,0
0,4,10,187800,1309,2794,893,0
0,4,15,188100,1301,2800,895,0
0,4,20,188400,1294,2800,902,0
0,4,25,188700,1282,2808,906,0
0,4,30,189000,1273,2812,911,0
0,4,35,189300,1266,2815,915,0
0,4,40,189600,1260,2820,916,0
0,4,45,189900,1255,2823,918,0
0,4,50,190200,1251,2823,922,0
0,4,55,190500,1247,2827,922,0
0,5,0,190800,1245,2821,930,0
0,5,5,191100,1240,2821,935,0
0,5,10,191400,1229,2829,938,0
0,5,15,191700,1219,2839,938,0
0,5,20,192000,1213,2840,943,0
0,5,25,192300,1206,2846,944,0
0,5,30,192600,1198,2852,946,0
0,5,35,192900,1188,2858,950,0
0,5,40,193200,1181,2860,955,0
0,5,45,193500,1175,2865,956,0
0,5,50,193800,1168,2866,962,0
0,5,55,194100,1159,2871,966,0
0,6,0,194400,1148,2878,970,0
0,6,5,194700,1141,2882,973,0
0,6,10,195000,1135,2884,977,0
0,6,15,195300,1127,2888,981,0
0,6,20,195600,1122,2890,984,0
0,6,25,195900,1115,2894,987,0
0,6,30,196200,1112,2895,989,0
0,6,35,196500,1103,2903,990,0
0,6,40,196800,1097,2901,998,0
0,6,45,197100,1089,2906,1001,0
0,6,50,197400,1083,2908,1005,0
0,6,55,197700,1078,2908,1010,0
0,7,0,198000,1073,2910,1013,0
0,7,5,198300,1065,2915,1016,0
0,7,10,198600,1061,2914,1021,0
0,7,15,198900,1054,2917,1025,0
0,7,20,199200,1045,2920,1031,0
0,7,25,199500,1037,2925,1034,0
0,7,30,199800,1030,2929,1037,0
0,7,35,200100,1021,2937,1038,0
0,7,40,200400,1010,2943,1043,0
0,7,45,200700,1001,2950,1045,0
0,7,50,201000,995,2952,1049,0
0,7,55,201300,988,2956,1052,0
0,8,0,201600,982,2962,1052,0
0,8,5,201900,978,2960,1058,0
0,8,10,202200,972,2963,1061,0
0,8,15,202500,965,2967,1064,0
0,8,20,202800,957,2972,1067,0
0,8,25,203100,955,2971,1070,0
0,8,30,203400,952,2969,1075,0
0,8,35,203700,949,2970,1077,0
0,8,40,204000,946,2968,1082,0
0,8,45,204300,944,2968,1084,0
0,8,50,204600,941,2969,1086,0
0,8,55,204900,935,2973,1088,0
0,9,0,205200,932,2973,1091,0
0,9,5,205500,931,2974,1091,0
0,9,10,205800,928,2972,1096,0
0,9,15,206100,927,2970,1099,0
0,9,20,206400,925,2968,1103,0
0,9,25,206700,922,2964,1110,0
0,9,30,207000,920,2964,1112,0
0,9,35,207300,915,2967,1114,0
0,9,40,207600,912,2968,1116,0
0,9,45,207900,907,2971,1118,0
0,9,50,208200,906,2970,1120,0
0,9,55,208500,902,2972,1122,0
0,10,0,208800,900,2967,1129,0
0,10,5,209100,899,2964,1133,0
0,10,10,209400,895,2964,1137,0
0,10,15,209700,895,2962,1139,0
0,10,20,210000,893,2959,1144,0
0,10,25,210300,890,2958,1148,0
0,10,30,210600,889,2953,1154,0
0,10,35,210900,887,2954,1155,0
0,10,40,211200,886,2949,1161,0
0,10,45,211500,884,2948,1164,0
0,10,50,211800,881,2948,1167,0
0,10,55,212100,878,2946,1172,0
0,11,0,212400,877,2940,1179,0
0,11,5,212700,874,2939,1183,0
0,11,10,213000,871,2939,1186,0
0,11,15,213300,868,2938,1190,0
0,11,20,213600,866,2935,1195,0
0,11,25,213900,862,2935,1199,0
0,11,30,214200,860,2937,1199,0
0,11,35,214500,857,2935,1204,0
0,11,40,214800,856,2930,1210,0
0,11,45,215100,855,2930,1211,0
0,11,50,215400,853,2929,1214,0
0,11,55,215700,852,2926,1218,0
0,12,0,216000,851,2927,1218,0
0,12,5,216300,850,2921,1225,0
0,12,10,216600,850,2915,1231,0
0,12,15,216900,848,2915,1233,0
0,12,20,217200,848,2908,1240,0
0,12,25,217500,848,2904,1244,0
0,12,30,217800,848,2899,1249,0
0,12,35,218100,847,2895,1254,0
0,12,40,218400,847,2891,1258,0
0,12,45,218700,845,2891,1260,0
0,12,50,219000,843,2890,1263,0
0,12,55,219300,843,2887,1266,0
0,13,0,219600,842,2884,1270,0
0,13,5,219900,841,2880,1275,0
0,13,10,220200,841,2877,1278,0
0,13,15,220500,841,2871,1284,0
0,13,20,220800,841,2868,1287,0
0,13,25,221100,840,2858,1298,0
0,13,30,221400,838,2853,1305,0
0,13,35,221700,837,2847,1312,0
0,13,40,222000,837,2845,1314,0
0,13,45,222300,836,2841,1319,0
0,13,50,222600,836,2836,1324,0
0,13,55,222900,835,2833,1328,0
0,14,0,223200,833,2831,1332,0
0,14,5,223500,833,2826,1337,0
0,14,10,223800,831,2826,1339,0
0,14,15,224100,829,2825,1342,0
0,14,20,224400,828,2818,1350,0
0,14,25,224700,828,2816,1352,0
0,14,30,225000,825,2814,1357,0
0,14,35,225300,821,2813,1362,0
0,14,40,225600,820,2808,1368,0
0,14,45,225900,819,2800,1377,0
0,14,50,226200,818,2797,1381,0
0,14,55,226500,817,2791,1388,0
0,15,0,226800,815,2787,1394,0
0,15,5,227100,815,2780,1401,0
0,15,10,227400,815,2777,1404,0
0,15,15,227700,815,2776,1405,0
0,15,20,228000,813,2771,1412,0
0,15,25,228300,811,2768,1417,0
0,15,30,228600,811,2762,1423,0
0,15,35,228900,810,2756,1430,0
0,15,40,229200,810,2754,1432,0
0,15,45,229500,808,2749,1439,0
0,15,50,229800,808,2747,1441,0
0,15,55,230100,808,2745,1443,0
0,16,0,230400,807,2740,1449,0
0,16,5,230700,806,2739,1451,0
0,16,10,231000,805,2737,1454,0
0,16,15,231300,804,2734,1458,0
0,16,20,231600,800,2732,1464,0
0,16,25,231900,797,2727,1472,0
0,16,30,232200,794,2728,1474,0
0,16,35,232500,791,2724,1481,0
0,16,40,232800,788,2723,1485,0
0,16,45,233100,787,2720,1489,0
0,16,50,233400,787,2714,1495,0
0,16,55,233700,785,2707,1504,0
0,17,0,234000,784,2704,1508,0
0,17,5,234300,783,2696,1517,0
0,17,10,234600,782,2692,1522,0
0,17,15,234900,782,2687,1527,0
0,17,20,235200,781,2682,1533,0
0,17,25,235500,780,2682,1534,0
0,17,30,235800,778,2680,1538,0
0,17,35,236100,777,2677,1542,0
0,17,40,236400,775,2675,1546,0
0,17,45,236700,775,2671,1550,0
0,17,50,237000,775,2668,1553,0
0,17,55,237300,774,2667,1555,0
0,18,0,237600,771,2667,1558,0
0,18,5,237900,770,2662,1564,0
0,18,10,238200,770,2656,1570,0
0,18,15,238500,768,2657,1571,0
0,18,20,238800,766,2655,1575,0
0,18,25,239100,764,2648,1584,0
0,18,30,239400,763,2644,1589,0
0,18,35,239700,762,2641,1593,0
0,18,40,240000,759,2639,1598,0
0,18,45,240300,759,2636,1601,0
0,18,50,240600,759,2632,1605,0
0,18,55,240900,758,2632,1606,0
0,19,0,241200,756,2629,1611,0
0,19,5,241500,752,2626,1618,0
0,19,10,241800,749,2624,1623,0
0,19,15,242100,748,2620,1628,0
0,19,20,242400,745,2621,1630,0
0,19,25,242700,744,2616,1636,0
0,19,30,243000,740,2618,1638,0
0,19,35,243300,734,2618,1644,0
0,19,40,243600,733,2616,1647,0
0,19,45,243900,731,2618,1647,0
0,19,50,244200,729,2614,1653,0
0,19,55,244500,728,2609,1659,0
0,20,0,244800,727,2602,1667,0
0,20,5,245100,725,2599,1672,0
0,20,10,245400,721,2601,1674,0
0,20,15,245700,717,2598,1681,0
0,20,20,246000,715,2598,1683,0
0,20,25,246300,714,2593,1689,0
0,20,30,246600,712,2591,1693,0
0,20,35,246900,710,2589,1697,0
0,20,40,247200,708,2588,1700,0
0,20,45,247500,707,2582,1707,0
0,20,50,247800,703,2575,1718,0
0,20,55,248100,703,2567,1726,0
0,21,0,248400,703,2564,1729,0
0,21,5,248700,700,2564,1732,0
0,21,10,249000,699,2561,1736,0
0,21,15,249300,697,2558,1741,0
0,21,20,249600,697,2550,1749,0
0,21,25,249900,694,2545,1757,0
0,21,30,250200,693,2544,1759,0
0,21,35,250500,688,2543,1765,0
0,21,40,250800,686,2537,1773,0
0,21,45,251100,683,2539,1774,0
0,21,50,251400,683,2535,1778,0
0,21,55,251700,682,2529,1785,0
0,22,0,252000,681,2525,1790,0
0,22,5,252300,676,2528,1792,0
0,22,10,252600,675,2527,1794,0
0,22,15,252900,672,2524,1800,0
0,22,20,253200,670,2524,1802,0
0,22,25,253500,668,2522,1806,0
0,22,30,253800,667,2516,1813,0
0,22,35,254100,663,2517,1816,0
0,22,40,254400,661,2515,1820,0
0,22,45,254700,661,2513,1822,0
0,22,50,255000,658,2513,1825,0
0,22,55,255300,655,2511,1830,0
0,23,0,255600,651,2511,1834,0
0,23,5,255900,650,2507,1839,0
0,23,10,256200,646,2502,1848,0
0,23,15,256500,642,2501,1853,0
0,23,20,256800,638,2498,1860,0
0,23,25,257100,631,2497,1868,0
0,23,30,257400,625,2503,1868,0
0,23,35,257700,624,2499,1873,0
0,23,40,258000,623,2492,1881,0
0,23,45,258300,618,2491,1887,0
0,23,50,258600,615,2490,1891,0
0,23,55,258900,614,2487,1895,0
0,0,0,259200,608,2488,1900,0
0,0,5,259500,607,2485,1904,0
0,0,10,259800,606,2481,1909,0
0,0,15,260100,604,2478,1914,0
0,0,20,260400,600,2480,1916,0
0,0,25,260700,600,2477,1919,0
0,0,30,261000,595,2476,1925,0
0,0,35,261300,592,2475,1929,0
0,0,40,261600,590,2472,1934,0
0,0,45,261900,587,2470,1939,0
0,0,50,262200,584,2469,1943,0
0,0,55,262500,582,2465,1949,0
0,1,0,262800,576,2459,1961,0
0,1,5,263100,572,2457,1964,3
0,1,10,263400,568,2455,1970,3
0,1,15,263700,566,2451,1976,3
0,1,20,264000,561,2452,1980,3
0,1,25,264300,558,2449,1986,3
0,1,30,264600,556,2449,1988,3
0,1,35,264900,553,2449,1991,3
0,1,40,265200,550,2449,1994,3
0,1,45,265500,543,2453,1997,3
0,1,50,265800,542,2447,2004,3
0,1,55,266100,542,2443,2008,3
0,2,0,266400,540,2434,2019,3
0,2,5,266700,537,2431,2021,7
0,2,10,267000,533,2430,2026,7
0,2,15,267300,533,2425,2031,7
0,2,20,267600,526,2428,2035,7
0,2,25,267900,522,2422,2045,7
0,2,30,268200,520,2422,2047,7
0,2,35,268500,517,2419,2053,7
0,2,40,268800,514,2415,2060,7
0,2,45,269100,511,2416,2062,7
0,2,50,269400,511,2414,2064,7
0,2,55,269700,507,2417,2065,7
0,3,0,270000,506,2409,2074,7
0,3,5,270300,503,2407,2078,8
0,3,10,270600,498,2406,2084,8
0,3,15,270900,492,2406,2090,8
0,3,20,271200,488,2404,2096,8
0,3,25,271500,484,2405,2099,8
0,3,30,271800,480,2402,2106,8
0,3,35,272100,477,2394,2117,8
0,3,40,272400,473,2389,2126,8
0,3,45,272700,472,2388,2128,8
0,3,50,273000,467,2390,2131,8
0,3,55,273300,466,2388,2134,8
0,4,0,273600,465,2387,2136,8
0,4,5,273900,460,2390,2136,10
0,4,10,274200,459,2387,2140,10
0,4,15,274500,458,2382,2146,10
0,4,20,274800,455,2381,2150,10
0,4,25,275100,450,2376,2160,10
0,4,30,275400,446,2378,2162,10
0,4,35,275700,444,2373,2169,10
0,4,40,276000,441,2374,2171,10
0,4,45,276300,438,2375,2173,10
0,4,50,276600,436,2372,2178,10
0,4,55,276900,431,2374,2181,10
0,5,0,277200,427,2372,2187,10
0,5,5,277500,426,2369,2191,10
0,5,10,277800,424,2363,2199,10
0,5,15,278100,422,2359,2205,10
0,5,20,278400,419,2361,2206,10
0,5,25,278700,415,2362,2209,10
0,5,30,279000,412,2362,2212,10
0,5,35,279300,411,2356,2219,10
0,5,40,279600,409,2356,2221,10
0,5,45,279900,406,2351,2229,10
0,5,50,280200,404,2347,2235,10
0,5,55,280500,401,2344,2241,10
0,6,0,280800,396,2343,2247,10
0,6,5,281100,393,2345,2248,10
0,6,10,281400,390,2341,2255,10
0,6,15,281700,390,2335,2261,10
0,6,20,282000,389,2331,2266,10
0,6,25,282300,385,2329,2272,10
0,6,30,282600,382,2324,2280,10
0,6,35,282900,381,2320,2285,10
0,6,40,283200,378,2318,2290,10
0,6,45,283500,377,2315,2294,10
0,6,50,283800,374,2313,2299,10
0,6,55,284100,370,2314,2302,10
0,7,0,284400,367,2312,2307,10
0,7,5,284700,365,2310,2310,11
0,7,10,285000,362,2309,2314,11
0,7,15,285300,359,2307,2319,11
0,7,20,285600,357,2301,2327,11
0,7,25,285900,355,2297,2333,11
0,7,30,286200,353,2293,2339,11
0,7,35,286500,353,2286,2346,11
0,7,40,286800,351,2283,2351,11
0,7,45,287100,351,2279,2355,11
0,7,50,287400,348,2271,2366,11
0,7,55,287700,343,2268,2374,11
0,8,0,288000,342,2257,2386,11
0,8,5,288300,339,2257,2387,13
0,8,10,288600,338,2252,2393,13
0,8,15,288900,336,2252,2395,13
0,8,20,289200,335,2246,2402,13
0,8,25,289500,335,2241,2407,13
0,8,30,289800,335,2234,2414,13
0,8,35,290100,334,2231,2418,13
0,8,40,290400,333,2226,2424,13
0,8,45,290700,332,2221,2430,13
0,8,50,291000,332,2213,2438,13
0,8,55,291300,332,2209,2442,13
0,9,0,291600,325,2208,2450,13
0,9,5,291900,324,2206,2451,15
0,9,10,292200,324,2199,2458,15
0,9,15,292500,324,2188,2469,15
0,9,20,292800,324,2188,2469,15
0,9,25,293100,324,2188,2469,15
0,9,30,293400,324,2183,2474,15
0,9,35,293700,324,2180,2477,15
0,9,40,294000,322,2174,2485,15
0,9,45,294300,321,2169,2491,15
0,9,50,294600,321,2164,2496,15
0,9,55,294900,321,2160,2500,15
0,10,0,295200,321,2156,2504,15
0,10,5,295500,321,2151,2507,17
0,10,10,295800,321,2143,2515,17
0,10,15,296100,321,2134,2524,17
0,10,20,296400,321,2128,2530,17
0,10,25,296700,321,2122,2536,17
0,10,30,297000,319,2113,2547,17
0,10,35,297300,319,2109,2551,17
0,10,40,297600,319,2101,2559,17
0,10,45,297900,319,2094,2566,17
0,10,50,298200,319,2089,2571,17
0,10,55,298500,319,2083,2577,17
0,11,0,298800,317,2082,2580,17
0,11,5,299100,316,2076,2582,22
0,11,10,299400,316,2070,2588,22
0,11,15,299700,316,2067,2591,22
0,11,20,300000,316,2063,2595,22
0,11,25,300300,316,2059,2599,22
0,11,30,300600,316,2055,2603,22
0,11,35,300900,316,2047,2611,22
0,11,40,301200,315,2044,2615,22
0,11,45,301500,315,2041,2618,22
0,11,50,301800,313,2038,2623,22
0,11,55,302100,313,2031,2630,22
0,12,0,302400,312,2026,2636,22
0,12,5,302700,312,2018,2641,25
0,12,10,303000,312,2011,2648,25
0,12,15,303300,311,2010,2650,25
0,12,20,303600,311,2005,2655,25
0,12,25,303900,311,2002,2658,25
0,12,30,304200,311,1994,2666,25
0,12,35,304500,311,1989,2671,25
0,12,40,304800,311,1987,2673,25
0,12,45,305100,311,1984,2676,25
0,12,50,305400,311,1980,2680,25
0,12,55,305700,309,1979,2683,25
0,13,0,306000,309,1970,2692,25
0,13,5,306300,309,1966,2695,26
0,13,10,306600,308,1963,2699,26
0,13,15,306900,308,1956,2706,26
0,13,20,307200,307,1953,2710,26
0,13,25,307500,307,1945,2718,26
0,13,30,307800,306,1938,2726,26
0,13,35,308100,306,1929,2735,26
0,13,40,308400,305,1926,2739,26
0,13,45,308700,305,1922,2743,26
0,13,50,309000,305,1913,2752,26
0,13,55,309300,304,1911,2755,26
0,14,0,309600,304,1902,2764,26
0,14,5,309900,303,1898,2768,27
0,14,10,310200,303,1890,2776,27
0,14,15,310500,303,1882,2784,27
0,14,20,310800,303,1880,2786,27
0,14,25,311100,303,1877,2789,27
0,14,30,311400,302,1872,2795,27
0,14,35,311700,302,1863,2804,27
0,14,40,312000,302,1857,2810,27
0,14,45,312300,302,1856,2811,27
0,14,50,312600,302,1853,2814,27
0,14,55,312900,301,1853,2815,27
0,15,0,313200,301,1847,2821,27
0,15,5,313500,301,1840,2825,30
0,15,10,313800,301,1830,2835,30
0,15,15,314100,301,1823,2842,30
0,15,20,314400,301,1819,2846,30
0,15,25,314700,301,1811,2854,30
0,15,30,315000,300,1809,2857,30
0,15,35,315300,300,1803,2863,30
0,15,40,315600,299,1802,2865,30
0,15,45,315900,299,1799,2868,30
0,15,50,316200,299,1795,2872,30
0,15,55,316500,299,1788,2879,30
0,16,0,316800,299,1782,2885,30
0,16,5,317100,299,1780,2882,35
0,16,10,317400,298,1774,2889,35
0,16,15,317700,298,1767,2896,35
0,16,20,318000,298,1762,2901,35
0,16,25,318300,298,1758,2905,35
0,16,30,318600,297,1754,2910,35
0,16,35,318900,297,1743,2921,35
0,16,40,319200,297,1739,2925,35
0,16,45,319500,296,1734,2931,35
0,16,50,319800,296,1731,2934,35
0,16,55,320100,296,1725,2940,35
0,17,0,320400,296,1722,2943,35
0,17,5,320700,295,1721,2944,36
0,17,10,321000,295,1714,2951,36
0,17,15,321300,295,1708,2957,36
0,17,20,321600,293,1707,2960,36
0,17,25,321900,293,1704,2963,36
0,17,30,322200,293,1702,2965,36
0,17,35,322500,293,1694,2973,36
0,17,40,322800,293,1686,2981,36
0,17,45,323100,293,1679,2988,36
0,17,50,323400,292,1674,2994,36
0,17,55,323700,291,1672,2997,36
0,18,0,324000,291,1668,3001,36
0,18,5,324300,290,1667,3003,36
0,18,10,324600,290,1661,3009,36
0,18,15,324900,288,1653,3019,36
0,18,20,325200,288,1651,3021,36
0,18,25,325500,287,1646,3027,36
0,18,30,325800,287,1641,3032,36
0,18,35,326100,286,1633,3041,36
0,18,40,326400,286,1627,3047,36
0,18,45,326700,286,1620,3054,36
0,18,50,327000,286,1612,3062,36
0,18,55,327300,285,1609,3066,36
0,19,0,327600,285,1600,3075,36
0,19,5,327900,284,1599,3076,37
0,19,10,328200,284,1594,3081,37
0,19,15,328500,284,1590,3085,37
0,19,20,328800,284,1587,3088,37
0,19,25,329100,284,1583,3092,37
0,19,30,329400,283,1579,3097,37
0,19,35,329700,282,1576,3101,37
0,19,40,330000,281,1567,3111,37
0,19,45,330300,281,1563,3115,37
0,19,50,330600,279,1560,3120,37
0,19,55,330900,275,1559,3125,37
0,20,0,331200,274,1554,3131,37
0,20,5,331500,272,1549,3135,40
0,20,10,331800,272,1543,3141,40
0,20,15,332100,271,1540,3145,40
0,20,20,332400,271,1534,3151,40
0,20,25,332700,269,1533,3154,40
0,20,30,333000,269,1525,3162,40
0,20,35,333300,268,1520,3168,40
0,20,40,333600,267,1517,3172,40
0,20,45,333900,267,1513,3176,40
0,20,50,334200,266,1507,3183,40
0,20,55,334500,264,1508,3184,40
0,21,0,334800,263,1501,3192,40
0,21,5,335100,263,1497,3192,44
0,21,10,335400,263,1496,3193,44
0,21,15,335700,262,1491,3199,44
0,21,20,336000,262,1486,3204,44
0,21,25,336300,262,1480,3210,44
0,21,30,336600,261,1475,3216,44
0,21,35,336900,260,1467,3225,44
0,21,40,337200,259,1464,3229,44
0,21,45,337500,258,1461,3233,44
0,21,50,337800,254,1462,3236,44
0,21,55,338100,254,1457,3241,44
0,22,0,338400,252,1452,3248,44
0,22,5,338700,252,1449,3251,44
0,22,10,339000,251,1445,3256,44
0,22,15,339300,251,1444,3257,44
0,22,20,339600,250,1436,3266,44
0,22,25,339900,250,1426,3276,44
0,22,30,340200,250,1422,3280,44
0,22,35,340500,250,1417,3285,44
0,22,40,340800,248,1413,3291,44
0,22,45,341100,248,1410,3294,44
0,22,50,341400,247,1405,3300,44
0,22,55,341700,247,1401,3304,44
0,23,0,342000,247,1398,3307,44
0,23,5,342300,247,1398,3304,47
0,23,10,342600,245,1393,3311,47
0,23,15,342900,244,1387,3318,47
0,23,20,343200,243,1381,3325,47
0,23,25,343500,243,1378,3328,47
0,23,30,343800,243,1373,3333,47
0,23,35,344100,242,1363,3344,47
0,23,40,344400,242,1362,3345,47
0,23,45,344700,242,1358,3349,47
0,23,50,345000,237,1362,3350,47
0,23,55,345300,236,1357,3356,47
0,0,0,345600,236,1355,3358,47
0,0,5,345900,236,1352,3358,50
0,0,10,346200,236,1351,3359,50
0,0,15,346500,236,1346,3364,50
0,0,20,346800,235,1343,3368,50
0,0,25,347100,235,1339,3372,50
0,0,30,347400,233,1339,3374,50
0,0,35,347700,231,1336,3379,50
0,0,40,348000,229,1335,3382,50
0,0,45,348300,229,1333,3384,50
0,0,50,348600,228,1329,3389,50
0,0,55,348900,227,1328,3391,50
0,1,0,349200,226,1327,3393,50
0,1,5,349500,225,1323,3396,52
0,1,10,349800,224,1317,3403,52
0,1,15,350100,224,1313,3407,52
0,1,20,350400,224,1310,3410,52
0,1,25,350700,224,1306,3414,52
0,1,30,351000,223,1303,3418,52
0,1,35,351300,223,1296,3425,52
0,1,40,351600,222,1294,3428,52
0,1,45,351900,222,1292,3430,52
0,1,50,352200,220,1291,3433,52
0,1,55,352500,218,1290,3436,52
0,2,0,352800,217,1286,3441,52
0,2,5,353100,216,1281,3445,54
0,2,10,353400,215,1277,3450,54
0,2,15,353700,215,1275,3452,54
0,2,20,354000,214,1273,3455,54
0,2,25,354300,213,1272,3457,54
0,2,30,354600,213,1270,3459,54
0,2,35,354900,212,1271,3459,54
0,2,40,355200,211,1269,3462,54
0,2,45,355500,211,1264,3467,54
0,2,50,355800,211,1260,3471,54
0,2,55,356100,210,1259,3473,54
0,3,0,356400,210,1253,3479,54
0,3,5,356700,208,1253,3477,58
0,3,10,357000,207,1249,3482,58
0,3,15,357300,207,1245,3486,58
0,3,20,357600,206,1243,3489,58
0,3,25,357900,204,1239,3495,58
0,3,30,358200,201,1238,3499,58
0,3,35,358500,201,1231,3506,58
0,3,40,358800,201,1223,3514,58
0,3,45,359100,199,1223,3516,58
0,3,50,359400,198,1224,3516,58
0,3,55,359700,196,1223,3519,58
0,4,0,360000,195,1218,3525,58
0,4,5,360300,195,1215,3526,60
0,4,10,360600,195,1214,3527,60
0,4,15,360900,195,1212,3529,60
0,4,20,361200,195,1208,3533,60
0,4,25,361500,195,1202,3539,60
0,4,30,361800,195,1197,3544,60
0,4,35,362100,194,1194,3548,60
0,4,40,362400,194,1190,3552,60
0,4,45,362700,193,1183,3560,60
0,4,50,363000,193,1178,3565,60
0,4,55,363300,191,1179,3566,60
0,5,0,363600,191,1174,3571,60
0,5,5,363900,191,1170,3570,65
0,5,10,364200,191,1163,3577,65
0,5,15,364500,190,1163,3578,65
0,5,20,364800,190,1160,3581,65
0,5,25,365100,190,1157,3584,65
0,5,30,365400,189,1152,3589,66
0,5,35,365700,188,1151,3591,66
0,5,40,366000,188,1147,3595,66
0,5,45,366300,188,1146,3596,66
0,5,50,366600,188,1144,3598,66
0,5,55,366900,187,1141,3602,66
0,6,0,367200,185,1137,3608,66
0,6,5,367500,183,1136,3608,69
0,6,10,367800,183,1133,3611,69
0,6,15,368100,181,1133,3613,69
0,6,20,368400,181,1127,3619,69
0,6,25,368700,180,1122,3625,69
0,6,30,369000,180,1120,3627,69
0,6,35,369300,179,1117,3631,69
0,6,40,369600,178,1115,3634,69
0,6,45,369900,178,1108,3641,69
0,6,50,370200,178,1107,3642,69
0,6,55,370500,178,1104,3645,69
0,7,0,370800,178,1102,3647,69
0,7,5,371100,178,1097,3652,69
0,7,10,371400,178,1092,3657,69
0,7,15,371700,177,1088,3662,69
0,7,20,372000,177,1083,3667,69
0,7,25,372300,177,1080,3670,69
0,7,30,372600,176,1077,3674,69
0,7,35,372900,176,1072,3679,69
0,7,40,373200,175,1071,3681,69
0,7,45,373500,175,1070,3682,69
0,7,50,373800,175,1068,3684,69
0,7,55,374100,175,1061,3691,69
0,8,0,374400,175,1055,3697,69
0,8,5,374700,175,1051,3701,69
0,8,10,375000,175,1044,3708,69
0,8,15,375300,175,1042,3710,69
0,8,20,375600,175,1034,3718,69
0,8,25,375900,175,1032,3720,69
0,8,30,376200,175,1028,3724,69
0,8,35,376500,175,1024,3728,69
0,8,40,376800,174,1023,3730,69
0,8,45,377100,173,1020,3734,69
0,8,50,377400,173,1019,3735,69
0,8,55,377700,172,1018,3737,69
0,9,0,378000,171,1013,3743,69
0,9,5,378300,171,1012,3742,71
0,9,10,378600,171,1011,3743,71
0,9,15,378900,171,1007,3747,71
0,9,20,379200,171,1005,3749,71
0,9,25,379500,171,1001,3753,71
0,9,30,379800,171,1000,3754,71
0,9,35,380100,171,997,3757,71
0,9,40,380400,171,995,3759,71
0,9,45,380700,171,993,3761,71
0,9,50,381000,171,991,3763,71
0,9,55,381300,171,988,3766,71
0,10,0,381600,171,985,3769,71
0,10,5,381900,171,983,3769,73
0,10,10,382200,170,983,3770,73
0,10,15,382500,170,981,3772,73
0,10,20,382800,170,976,3777,73
0,10,25,383100,170,972,3780,74
0,10,30,383400,170,969,3783,74
0,10,35,383700,170,966,3786,74
0,10,40,384000,170,960,3792,74
0,10,45,384300,170,957,3795,74
0,10,50,384600,170,951,3801,74
0,10,55,384900,170,949,3803,74
0,11,0,385200,170,945,3807,74
0,11,5,385500,170,941,3810,75
0,11,10,385800,169,933,3819,75
0,11,15,386100,169,931,3821,75
0,11,20,386400,169,927,3825,75
0,11,25,386700,169,923,3829,75
0,11,30,387000,169,923,3829,75
0,11,35,387300,168,921,3832,75
0,11,40,387600,168,916,3837,75
0,11,45,387900,168,915,3838,75
0,11,50,388200,168,911,3842,75
0,11,55,388500,168,909,3844,75
0,12,0,388800,166,907,3848,75
0,12,5,389100,166,901,3853,76
0,12,10,389400,166,899,3855,76
0,12,15,389700,166,896,3858,76
0,12,20,390000,166,893,3861,76
0,12,25,390300,166,892,3862,76
0,12,30,390600,166,885,3869,76
0,12,35,390900,166,877,3877,76
0,12,40,391200,166,875,3879,76
0,12,45,391500,166,873,3881,76
0,12,50,391800,166,870,3884,76
0,12,55,392100,166,864,3890,76
0,13,0,392400,166,858,3896,76
0,13,5,392700,166,854,3897,79
0,13,10,393000,166,852,3899,79
0,13,15,393300,166,846,3905,79
0,13,20,393600,166,840,3911,79
0,13,25,393900,166,836,3915,79
0,13,30,394200,166,835,3916,79
0,13,35,394500,166,830,3921,79
0,13,40,394800,166,826,3925,79
0,13,45,395100,166,822,3929,79
0,13,50,395400,166,820,3931,79
0,13,55,395700,166,818,3933,79
0,14,0,396000,166,818,3933,79
0,14,5,396300,166,813,3936,81
0,14,10,396600,166,810,3939,81
0,14,15,396900,166,805,3944,81
0,14,20,397200,166,799,3950,81
0,14,25,397500,166,793,3956,81
0,14,30,397800,166,792,3957,81
0,14,35,398100,166,789,3960,81
0,14,40,398400,165,790,3960,81
0,14,45,398700,165,787,3962,82
0,14,50,399000,165,779,3970,82
0,14,55,399300,165,771,3978,82
0,15,0,399600,165,769,3980,82
0,15,5,399900,165,766,3981,84
0,15,10,400200,165,765,3982,84
0,15,15,400500,165,765,3982,84
0,15,20,400800,165,764,3983,84
0,15,25,401100,165,761,3986,84
0,15,30,401400,165,759,3988,84
0,15,35,401700,165,756,3991,84
0,15,40,402000,165,754,3993,84
0,15,45,402300,165,751,3996,84
0,15,50,402600,165,747,4000,84
0,15,55,402900,165,741,4006,84
0,16,0,403200,165,739,4008,84
0,16,5,403500,165,737,4008,86
0,16,10,403800,165,732,4013,86
0,16,15,404100,165,732,4013,86
0,16,20,404400,165,726,4019,86
0,16,25,404700,165,723,4022,86
0,16,30,405000,165,718,4027,86
0,16,35,405300,165,715,4030,86
0,16,40,405600,165,711,4034,86
0,16,45,405900,165,706,4039,86
0,16,50,406200,165,703,4042,86
0,16,55,406500,165,700,4045,86
0,17,0,406800,165,697,4048,86
0,17,5,407100,165,691,4052,88
0,17,10,407400,165,687,4056,88
0,17,15,407700,165,680,4062,89
0,17,20,408000,164,680,4063,89
0,17,25,408300,164,677,4066,89
0,17,30,408600,163,676,4068,89
0,17,35,408900,163,674,4070,89
0,17,40,409200,163,671,4073,89
0,17,45,409500,163,668,4076,89
0,17,50,409800,163,663,4081,89
0,17,55,410100,163,662,4082,89
0,18,0,410400,163,661,4083,89
0,18,5,410700,163,660,4084,89
0,18,10,411000,163,656,4088,89
0,18,15,411300,163,655,4089,89
0,18,20,411600,163,654,4090,89
0,18,25,411900,163,651,4093,89
0,18,30,412200,163,649,4095,89
0,18,35,412500,161,650,4096,89
0,18,40,412800,161,649,4097,89
0,18,45,413100,160,648,4099,89
0,18,50,413400,160,644,4103,89
0,18,55,413700,160,643,4104,89
0,19,0,414000,160,643,4104,89
0,19,5,414300,160,638,4107,91
0,19,10,414600,159,636,4110,91
0,19,15,414900,157,636,4112,91
0,19,20,415200,157,634,4114,91
0,19,25,415500,156,633,4116,91
0,19,30,415800,156,628,4121,91
0,19,35,416100,156,624,4125,91
0,19,40,416400,156,620,4129,91
0,19,45,416700,156,617,4132,91
0,19,50,417000,156,615,4134,91
0,19,55,417300,156,613,4136,91
0,20,0,417600,156,610,4139,91
0,20,5,417900,156,605,4143,92
0,20,10,418200,156,605,4143,92
0,20,15,418500,156,603,4145,92
0,20,20,418800,155,602,4147,92
0,20,25,419100,155,600,4149,92
0,20,30,419400,155,597,4152,92
0,20,35,419700,155,591,4158,92
0,20,40,420000,155,590,4159,92
0,20,45,420300,155,587,4162,92
0,20,50,420600,155,586,4163,92
0,20,55,420900,155,584,4165,92
0,21,0,421200,155,583,4166,92
0,21,5,421500,155,582,4163,96
0,21,10,421800,155,579,4166,96
0,21,15,422100,155,575,4170,96
0,21,20,422400,155,570,4175,96
0,21,25,422700,154,567,4179,96
0,21,30,423000,154,565,4181,96
0,21,35,423300,153,561,4186,96
0,21,40,423600,152,561,4187,96
0,21,45,423900,151,561,4188,96
0,21,50,424200,150,561,4189,96
0,21,55,424500,148,563,4189,96
0,22,0,424800,148,558,4194,96
0,22,5,425100,147,555,4198,96
0,22,10,425400,147,550,4203,96
0,22,15,425700,147,549,4204,96
0,22,20,426000,147,546,4207,96
0,22,25,426300,147,541,4212,96
0,22,30,426600,147,541,4212,96
0,22,35,426900,147,540,4213,96
0,22,40,427200,146,539,4215,96
0,22,45,427500,146,536,4218,96
0,22,50,427800,146,536,4218,96
0,22,55,428100,145,534,4221,96
0,23,0,428400,145,532,4223,96
0,23,5,428700,145,529,4225,97
0,23,10,429000,145,528,4226,97
0,23,15,429300,145,527,4227,97
0,23,20,429600,145,525,4229,97
0,23,25,429900,145,523,4231,97
0,23,30,430200,144,521,4234,97
0,23,35,430500,144,516,4239,97
0,23,40,430800,144,513,4242,97
0,23,45,431100,143,510,4246,97
0,23,50,431400,143,509,4247,97
0,23,55,431700,143,507,4248,98
0,0,0,432000,142,503,4252,99
0,0,5,432300,141,501,4253,101
0,0,10,432600,141,500,4253,102
0,0,15,432900,141,498,4255,102
0,0,20,433200,141,495,4258,102
0,0,25,433500,141,493,4260,102
0,0,30,433800,141,492,4261,102
0,0,35,434100,141,488,4265,102
0,0,40,434400,141,487,4266,102
0,0,45,434700,140,487,4267,102
0,0,50,435000,140,486,4268,102
0,0,55,435300,140,485,4269,102
0,1,0,435600,140,484,4270,102
0,1,5,435900,140,481,4270,105
0,1,10,436200,140,479,4272,105
0,1,15,436500,140,478,4273,105
0,1,20,436800,139,476,4276,105
0,1,25,437100,139,474,4278,105
0,1,30,437400,139,472,4280,105
0,1,35,437700,137,471,4282,106
0,1,40,438000,137,469,4283,107
0,1,45,438300,137,468,4284,107
0,1,50,438600,137,467,4285,107
0,1,55,438900,136,465,4288,107
0,2,0,439200,136,463,4290,107
0,2,5,439500,136,462,4290,108
0,2,10,439800,136,458,4294,108
0,2,15,440100,136,456,4296,108
0,2,20,440400,136,456,4296,108
0,2,25,440700,135,455,4297,109
0,2,30,441000,135,447,4305,109
0,2,35,441300,134,446,4306,110
0,2,40,441600,134,445,4307,110
0,2,45,441900,134,443,4309,110
0,2,50,442200,133,442,4311,110
0,2,55,442500,132,441,4313,110
0,3,0,442800,132,438,4316,110
0,3,5,443100,132,436,4316,112
0,3,10,443400,132,434,4318,112
0,3,15,443700,132,434,4318,112
0,3,20,444000,132,431,4320,113
0,3,25,444300,132,428,4323,113
0,3,30,444600,132,424,4327,113
0,3,35,444900,132,418,4333,113
0,3,40,445200,132,416,4335,113
0,3,45,445500,132,414,4337,113
0,3,50,445800,132,412,4339,113
0,3,55,446100,132,409,4339,116
0,4,0,446400,131,409,4340,116
0,4,5,446700,131,408,4339,118
0,4,10,447000,131,408,4339,118
0,4,15,447300,131,405,4342,118
0,4,20,447600,131,405,4341,119
0,4,25,447900,131,404,4342,119
0,4,30,448200,131,404,4342,119
0,4,35,448500,131,404,4342,119
0,4,40,448800,131,401,4345,119
0,4,45,449100,131,398,4348,119
0,4,50,449400,130,397,4350,119
0,4,55,449700,130,397,4349,120
0,5,0,450000,130,394,4352,120
0,5,5,450300,130,393,4352,121
0,5,10,450600,129,394,4352,121
0,5,15,450900,128,394,4353,121
0,5,20,451200,127,394,4353,122
0,5,25,451500,127,394,4353,122
0,5,30,451800,127,394,4352,123
0,5,35,452100,127,391,4355,123
0,5,40,452400,126,390,4357,123
0,5,45,452700,124,390,4359,123
0,5,50,453000,123,390,4360,123
0,5,55,453300,123,388,4362,123
0,6,0,453600,122,388,4362,124
0,6,5,453900,122,387,4360,127
0,6,10,454200,122,385,4362,127
0,6,15,454500,121,384,4364,127
0,6,20,454800,121,383,4364,128
0,6,25,455100,121,381,4366,128
0,6,30,455400,121,381,4366,128
0,6,35,455700,121,381,4365,129
0,6,40,456000,121,381,4363,131
0,6,45,456300,121,380,4363,132
0,6,50,456600,121,380,4363,132
0,6,55,456900,121,375,4368,132
0,7,0,457200,121,374,4369,132
0,7,5,457500,121,371,4370,134
0,7,10,457800,121,369,4372,134
0,7,15,458100,121,368,4373,134
0,7,20,458400,121,367,4374,134
0,7,25,458700,121,361,4380,134
0,7,30,459000,121,357,4384,134
0,7,35,459300,121,356,4385,134
0,7,40,459600,121,354,4387,134
0,7,45,459900,121,354,4387,134
0,7,50,460200,121,353,4388,134
0,7,55,460500,121,351,4390,134
0,8,0,460800,121,349,4392,134
0,8,5,461100,121,348,4393,134
0,8,10,461400,121,346,4395,134
0,8,15,461700,121,344,4396,135
0,8,20,462000,121,343,4396,136
0,8,25,462300,121,343,4396,136
0,8,30,462600,120,342,4398,136
0,8,35,462900,120,341,4399,136
0,8,40,463200,120,340,4400,136
0,8,45,463500,120,340,4400,136
0,8,50,463800,120,337,4403,136
0,8,55,464100,120,336,4403,137
0,9,0,464400,120,336,4403,137
0,9,5,464700,120,336,4403,137
0,9,10,465000,120,336,4403,137
0,9,15,465300,120,336,4403,137
0,9,20,465600,120,335,4404,137
0,9,25,465900,120,333,4406,137
0,9,30,466200,120,332,4407,137
0,9,35,466500,120,332,4406,138
0,9,40,466800,120,332,4406,138
0,9,45,467100,120,330,4408,138
0,9,50,467400,120,329,4409,138
0,9,55,467700,120,327,4411,138
0,10,0,468000,120,325,4413,138
0,10,5,468300,120,322,4411,143
0,10,10,468600,120,322,4411,143
0,10,15,468900,120,322,4411,143
0,10,20,469200,119,321,4413,143
0,10,25,469500,119,320,4414,143
0,10,30,469800,118,321,4414,143
0,10,35,470100,117,322,4414,143
0,10,40,470400,117,321,4415,143
0,10,45,470700,117,320,4416,143
0,10,50,471000,117,319,4417,143
0,10,55,471300,117,319,4417,143
0,11,0,471600,117,318,4418,143
0,11,5,471900,117,317,4419,143
0,11,10,472200,117,316,4420,143
0,11,15,472500,117,315,4421,143
0,11,20,472800,117,314,4422,143
0,11,25,473100,117,313,4423,143
0,11,30,473400,116,311,4426,143
0,11,35,473700,116,310,4427,143
0,11,40,474000,116,308,4429,143
0,11,45,474300,116,306,4431,143
0,11,50,474600,116,302,4435,143
0,11,55,474900,116,301,4436,143
0,12,0,475200,116,299,4437,144
0,12,5,475500,116,299,4437,144
0,12,10,475800,116,295,4440,145
0,12,15,476100,116,295,4438,147
0,12,20,476400,116,294,4439,147
0,12,25,476700,116,293,4439,148
0,12,30,477000,116,291,4441,148
0,12,35,477300,116,289,4443,148
0,12,40,477600,116,288,4443,149
0,12,45,477900,116,288,4441,151
0,12,50,478200,116,288,4441,151
0,12,55,478500,116,288,4440,152
0,13,0,478800,116,286,4442,152
0,13,5,479100,116,285,4439,156
0,13,10,479400,116,283,4441,156
0,13,15,479700,116,283,4440,157
0,13,20,480000,116,282,4441,157
0,13,25,480300,116,281,4442,157
0,13,30,480600,116,279,4444,157
0,13,35,480900,116,278,4445,157
0,13,40,481200,116,278,4444,158
0,13,45,481500,115,279,4444,158
0,13,50,481800,115,278,4445,158
0,13,55,482100,115,277,4446,158
0,14,0,482400,115,275,4448,158
0,14,5,482700,115,273,4447,161
0,14,10,483000,115,272,4448,161
0,14,15,483300,115,271,4449,161
0,14,20,483600,115,270,4450,161
0,14,25,483900,115,269,4451,161
0,14,30,484200,115,267,4453,161
0,14,35,484500,115,266,4454,161
0,14,40,484800,115,265,4455,161
0,14,45,485100,115,264,4456,161
0,14,50,485400,115,264,4456,161
0,14,55,485700,115,263,4457,161
0,15,0,486000,115,263,4455,163
0,15,5,486300,115,261,4454,166
0,15,10,486600,115,261,4453,167
0,15,15,486900,115,260,4454,167
0,15,20,487200,115,259,4455,167
0,15,25,487500,115,257,4457,167
0,15,30,487800,115,257,4456,168
0,15,35,488100,115,256,4457,168
0,15,40,488400,115,256,4457,168
0,15,45,488700,115,255,4458,168
0,15,50,489000,115,255,4457,169
0,15,55,489300,115,249,4462,170
0,16,0,489600,115,246,4465,170
0,16,5,489900,115,245,4464,172
0,16,10,490200,115,245,4463,173
0,16,15,490500,115,245,4463,173
0,16,20,490800,115,245,4463,173
0,16,25,491100,115,244,4464,173
0,16,30,491400,115,242,4465,174
0,16,35,491700,115,242,4465,174
0,16,40,492000,115,241,4466,174
0,16,45,492300,115,241,4466,174
0,16,50,492600,115,239,4467,175
0,16,55,492900,115,238,4468,175
0,17,0,493200,115,236,4470,175
0,17,5,493500,115,236,4466,179
0,17,10,493800,115,234,4468,179
0,17,15,494100,115,233,4468,180
0,17,20,494400,115,232,4469,180
0,17,25,494700,115,232,4468,181
0,17,30,495000,115,229,4471,181
0,17,35,495300,115,228,4472,181
0,17,40,495600,115,228,4471,182
0,17,45,495900,115,228,4471,182
0,17,50,496200,115,228,4470,183
0,17,55,496500,115,228,4470,183
0,18,0,496800,115,228,4468,185
0,18,5,497100,115,228,4465,188
0,18,10,497400,115,227,4464,190
0,18,15,497700,115,225,4466,190
0,18,20,498000,115,223,4468,190
0,18,25,498300,115,222,4468,191
0,18,30,498600,114,222,4469,191
0,18,35,498900,114,221,4469,192
0,18,40,499200,114,219,4470,193
0,18,45,499500,114,219,4470,193
0,18,50,499800,114,219,4469,194
0,18,55,500100,114,219,4469,194
0,19,0,500400,114,217,4471,194
0,19,5,500700,114,214,4473,195
0,19,10,501000,114,212,4475,195
0,19,15,501300,114,210,4477,195
0,19,20,501600,114,210,4476,196
0,19,25,501900,114,207,4477,198
0,19,30,502200,114,205,4479,198
0,19,35,502500,114,205,4478,199
0,19,40,502800,114,203,4480,199
0,19,45,503100,114,202,4481,199
0,19,50,503400,114,202,4480,200
0,19,55,503700,114,198,4484,200
0,20,0,504000,114,197,4485,200
0,20,5,504300,114,197,4484,201
0,20,10,504600,114,197,4484,201
0,20,15,504900,114,195,4486,201
0,20,20,505200,114,194,4487,201
0,20,25,505500,114,194,4486,202
0,20,30,505800,114,193,4487,202
0,20,35,506100,114,191,4489,202
0,20,40,506400,114,189,4491,202
0,20,45,506700,114,187,4493,202
0,20,50,507000,114,186,4493,203
0,20,55,507300,114,184,4495,203
0,21,0,507600,114,183,4495,204
0,21,5,507900,114,181,4495,206
0,21,10,508200,114,181,4495,206
0,21,15,508500,114,180,4496,206
0,21,20,508800,114,178,4498,206
0,21,25,509100,113,179,4497,207
0,21,30,509400,113,178,4498,207
0,21,35,509700,113,177,4499,207
0,21,40,510000,113,176,4500,207
0,21,45,510300,113,176,4500,207
0,21,50,510600,113,176,4500,207
0,21,55,510900,113,175,4501,207
0,22,0,511200,113,173,4503,207
0,22,5,511500,113,173,4501,209
0,22,10,511800,113,173,4499,211
0,22,15,512100,113,173,4498,212
0,22,20,512400,113,171,4499,213
0,22,25,512700,113,171,4499,213
0,22,30,513000,113,169,4501,213
0,22,35,513300,113,169,4501,213
0,22,40,513600,113,168,4501,214
0,22,45,513900,112,169,4500,215
0,22,50,514200,112,168,4499,217
0,22,55,514500,112,165,4502,217
0,23,0,514800,112,165,4501,218
0,23,5,515100,112,163,4500,221
0,23,10,515400,112,162,4501,221
0,23,15,515700,112,162,4501,221
0,23,20,516000,112,160,4503,221
0,23,25,516300,112,160,4502,222
0,23,30,516600,112,159,4503,222
0,23,35,516900,111,160,4501,224
0,23,40,517200,111,157,4504,224
0,23,45,517500,111,156,4505,224
0,23,50,517800,111,155,4506,224
0,23,55,518100,111,154,4506,225
0,0,0,518400,111,153,4506,226
0,0,5,518700,111,153,4505,227
0,0,10,519000,111,153,4504,228
0,0,15,519300,111,151,4506,228
0,0,20,519600,111,149,4508,228
0,0,25,519900,111,149,4508,228
0,0,30,520200,111,149,4508,228
0,0,35,520500,111,149,4508,228
0,0,40,520800,111,148,4508,229
0,0,45,521100,111,147,4509,229
0,0,50,521400,111,147,4509,229
0,0,55,521700,111,147,4509,229
0,1,0,522000,111,146,4510,229
0,1,5,522300,111,146,4510,229
0,1,10,522600,111,143,4513,229
0,1,15,522900,111,142,4514,229
0,1,20,523200,111,142,4514,229
0,1,25,523500,111,141,4514,230
0,1,30,523800,109,142,4514,231
0,1,35,524100,109,142,4514,231
0,1,40,524400,109,142,4514,231
0,1,45,524700,109,140,4516,231
0,1,50,525000,109,139,4516,232
0,1,55,525300,109,137,4517,233
0,2,0,525600,109,137,4516,234
0,2,5,525900,108,137,4515,236
0,2,10,526200,108,136,4516,236
0,2,15,526500,108,136,4516,236
0,2,20,526800,108,136,4516,236
0,2,25,527100,108,135,4516,237
0,2,30,527400,108,135,4515,238
0,2,35,527700,108,133,4514,241
0,2,40,528000,107,134,4514,241
0,2,45,528300,107,133,4515,241
0,2,50,528600,107,131,4514,244
0,2,55,528900,107,131,4514,244
0,3,0,529200,107,131,4514,244
0,3,5,529500,107,129,4515,245
0,3,10,529800,107,128,4516,245
0,3,15,530100,107,128,4515,246
0,3,20,530400,107,128,4514,247
0,3,25,530700,107,127,4515,247
0,3,30,531000,107,127,4515,247
0,3,35,531300,107,127,4514,248
0,3,40,531600,107,126,4514,249
0,3,45,531900,107,125,4515,249
0,3,50,532200,106,126,4514,250
0,3,55,532500,106,126,4513,251
0,4,0,532800,106,125,4512,253
0,4,5,533100,106,125,4510,255
0,4,10,533400,106,124,4511,255
0,4,15,533700,106,124,4511,255
0,4,20,534000,106,124,4511,255
0,4,25,534300,106,123,4511,256
0,4,30,534600,105,123,4512,256
0,4,35,534900,105,123,4511,257
0,4,40,535200,105,122,4512,257
0,4,45,535500,105,120,4514,257
0,4,50,535800,105,119,4515,257
0,4,55,536100,105,118,4516,257
0,5,0,536400,105,118,4515,258
0,5,5,536700,105,117,4516,258
0,5,10,537000,105,115,4518,258
0,5,15,537300,105,113,4519,259
0,5,20,537600,105,112,4519,260
0,5,25,537900,105,112,4519,260
0,5,30,538200,105,111,4520,260
0,5,35,538500,105,111,4517,263
0,5,40,538800,105,111,4517,263
0,5,45,539100,105,111,4516,264
0,5,50,539400,105,111,4516,264
0,5,55,539700,105,111,4516,264
0,6,0,540000,105,110,4516,265
0,6,5,540300,105,108,4517,266
0,6,10,540600,105,108,4516,267
0,6,15,540900,105,107,4517,267
0,6,20,541200,105,107,4515,269
0,6,25,541500,105,105,4516,270
0,6,30,541800,105,105,4516,270
0,6,35,542100,105,104,4516,271
0,6,40,542400,105,104,4516,271
0,6,45,542700,105,104,4516,271
0,6,50,543000,105,102,4518,271
0,6,55,543300,104,103,4516,273
0,7,0,543600,104,102,4517,273
0,7,5,543900,104,102,4511,279
0,7,10,544200,104,102,4510,280
0,7,15,544500,104,101,4509,282
0,7,20,544800,104,101,4509,282
0,7,25,545100,104,101,4508,283
0,7,30,545400,104,101,4508,283
0,7,35,545700,104,101,4507,284
0,7,40,546000,104,100,4507,285
0,7,45,546300,104,100,4506,286
0,7,50,546600,104,100,4505,287
0,7,55,546900,104,100,4505,287
0,8,0,547200,104,100,4501,291
0,8,5,547500,104,100,4500,292
0,8,10,547800,104,99,4499,294
0,8,15,548100,104,99,4499,294
0,8,20,548400,104,98,4499,295
0,8,25,548700,104,98,4498,296
0,8,30,549000,104,98,4498,296
0,8,35,549300,104,98,4498,296
0,8,40,549600,104,97,4498,297
0,8,45,549900,104,96,4499,297
0,8,50,550200,104,95,4498,299
0,8,55,550500,104,95,4496,301
0,9,0,550800,104,95,4496,301
0,9,5,551100,104,95,4495,302
0,9,10,551400,104,95,4495,302
0,9,15,551700,104,94,4494,304
0,9,20,552000,104,92,4493,307
0,9,25,552300,104,92,4493,307
0,9,30,552600,104,92,4493,307
0,9,35,552900,104,92,4491,309
0,9,40,553200,104,92,4491,309
0,9,45,553500,104,92,4491,309
0,9,50,553800,104,92,4491,309
0,9,55,554100,104,92,4489,311
0,10,0,554400,104,92,4488,312
0,10,5,554700,104,92,4487,313
0,10,10,555000,104,92,4486,314
0,10,15,555300,104,92,4486,314
0,10,20,555600,104,92,4484,316
0,10,25,555900,104,92,4484,316
0,10,30,556200,104,91,4485,316
0,10,35,556500,104,91,4485,316
0,10,40,556800,104,90,4484,318
0,10,45,557100,104,90,4484,318
0,10,50,557400,104,90,4483,319
0,10,55,557700,104,90,4483,319
0,11,0,558000,104,90,4481,321
0,11,5,558300,104,90,4477,325
0,11,10,558600,104,90,4477,325
0,11,15,558900,104,90,4477,325
0,11,20,559200,104,90,4476,326
0,11,25,559500,104,90,4476,326
0,11,30,559800,104,89,4477,326
0,11,35,560100,104,88,4477,327
0,11,40,560400,104,88,4477,327
0,11,45,560700,104,88,4476,328
0,11,50,561000,104,87,4477,328
0,11,55,561300,104,87,4477,328
0,12,0,561600,104,86,4476,330
0,12,5,561900,104,85,4477,330
0,12,10,562200,104,85,4475,332
0,12,15,562500,104,85,4471,336
0,12,20,562800,103,86,4471,336
0,12,25,563100,103,86,4471,336
0,12,30,563400,103,86,4470,337
0,12,35,563700,103,85,4469,339
0,12,40,564000,103,85,4469,339
0,12,45,564300,103,85,4468,340
0,12,50,564600,103,84,4468,341
0,12,55,564900,103,84,4467,342
0,13,0,565200,103,82,4468,343
0,13,5,565500,103,82,4463,348
0,13,10,565800,103,82,4460,351
0,13,15,566100,103,81,4461,351
0,13,20,566400,103,81,4461,351
0,13,25,566700,103,81,4460,352
0,13,30,567000,103,81,4460,352
0,13,35,567300,103,81,4460,352
0,13,40,567600,103,81,4460,352
0,13,45,567900,103,81,4459,353
0,13,50,568200,103,81,4459,353
0,13,55,568500,103,78,4462,353
0,14,0,568800,103,78,4461,354
0,14,5,569100,103,78,4458,357
0,14,10,569400,103,78,4458,357
0,14,15,569700,103,78,4458,357
0,14,20,570000,103,78,4457,358
0,14,25,570300,103,78,4456,359
0,14,30,570600,103,78,4455,360
0,14,35,570900,103,78,4454,361
0,14,40,571200,103,78,4454,361
0,14,45,571500,103,78,4453,362
0,14,50,571800,103,78,4453,362
0,14,55,572100,102,79,4453,362
0,15,0,572400,102,78,4451,365
0,15,5,572700,102,78,4450,366
0,15,10,573000,102,78,4449,367
0,15,15,573300,102,77,4450,367
0,15,20,573600,102,77,4448,369
0,15,25,573900,102,77,4447,370
0,15,30,574200,102,77,4446,371
0,15,35,574500,102,77,4445,372
0,15,40,574800,102,77,4443,374
0,15,45,575100,102,76,4444,374
0,15,50,575400,102,75,4445,374
0,15,55,575700,102,74,4444,376
0,16,0,576000,102,74,4443,377
0,16,5,576300,102,74,4442,378
0,16,10,576600,102,73,4441,380
0,16,15,576900,102,73,4440,381
0,16,20,577200,102,72,4440,382
0,16,25,577500,102,72,4437,385
0,16,30,577800,102,71,4437,386
0,16,35,578100,102,71,4437,386
0,16,40,578400,102,71,4437,386
0,16,45,578700,102,71,4436,387
0,16,50,579000,102,71,4436,387
0,16,55,579300,102,71,4434,389
0,17,0,579600,102,71,4433,390
0,17,5,579900,102,71,4430,393
0,17,10,580200,102,71,4430,393
0,17,15,580500,101,72,4430,393
0,17,20,580800,101,72,4429,394
0,17,25,581100,101,72,4429,394
0,17,30,581400,101,72,4429,394
0,17,35,581700,101,72,4427,396
0,17,40,582000,101,71,4427,397
0,17,45,582300,101,70,4428,397
0,17,50,582600,101,69,4428,398
0,17,55,582900,101,68,4427,400
0,18,0,583200,101,66,4428,401
0,18,5,583500,101,66,4426,403
0,18,10,583800,101,66,4426,403
0,18,15,584100,101,66,4426,403
0,18,20,584400,101,66,4425,404
0,18,25,584700,101,66,4425,404
0,18,30,585000,101,65,4426,404
0,18,35,585300,101,65,4424,406
0,18,40,585600,101,65,4424,406
0,18,45,585900,101,65,4422,408
0,18,50,586200,101,64,4423,408
0,18,55,586500,101,64,4421,410
0,19,0,586800,101,64,4420,411
0,19,5,587100,101,64,4417,414
0,19,10,587400,101,64,4417,414
0,19,15,587700,101,64,4417,414
0,19,20,588000,101,64,4416,415
0,19,25,588300,101,63,4416,416
0,19,30,588600,101,63,4415,417
0,19,35,588900,101,63,4414,418
0,19,40,589200,101,63,4413,419
0,19,45,589500,101,62,4414,419
0,19,50,589800,101,62,4413,420
0,19,55,590100,101,62,4412,421
0,20,0,590400,101,62,4409,424
0,20,5,590700,101,62,4405,428
0,20,10,591000,101,62,4405,428
0,20,15,591300,101,61,4406,428
0,20,20,591600,101,61,4405,429
0,20,25,591900,101,61,4403,431
0,20,30,592200,101,61,4402,432
0,20,35,592500,101,61,4401,433
0,20,40,592800,101,59,4402,434
0,20,45,593100,101,59,4402,434
0,20,50,593400,101,59,4402,434
0,20,55,593700,101,59,4401,435
0,21,0,594000,101,59,4401,435
